acquisition_channel,revenue,orders,customers,aov,revenue_share
paid_search,14774946000.0,549,189,26912469.94535519,0.2932082597912072
social_media,13804152000.0,358,132,38559083.79888268,0.2739428885772789
organic,10205171000.0,374,160,27286553.475935828,0.2025212430408675
email,7181033000.0,247,73,29073008.09716599,0.1425073356906503
referral,4425318000.0,184,59,24050641.304347824,0.087820272899996
